local_rank,world_rank,team_code,rating,highest_rank,highest_rating,average_rank,average_rating,lowest_rank,lowest_rating,rank_change_3mo,rating_change_3mo,rank_change_6mo,rating_change_6mo,rank_change_1yr,rating_change_1yr,rank_change_2yr,rating_change_2yr,rank_change_5yr,rating_change_5yr,rank_change_10yr,rating_change_10yr,matches_total,matches_home,matches_away,matches_neutral,wins,losses,draws,goals_for,goals_against,rank_change_recent,rating_change_recent,team_name,ratings_as_of_utc
1,1,ES,2157,1,2189,7,1946,19,1805,0,-15,0,-15,0,0,3,136,4,124,4,166,782,341,302,139,462,138,182,1595,699,,,Spain,2026-06-11T02:15:06+00:00
2,2,AR,2115,1,2172,5,1987,26,1751,0,2,0,2,0,-17,-1,-29,5,131,-1,37,1111,381,419,311,612,228,271,2117,1136,,,Argentina,2026-06-11T02:15:06+00:00
3,3,FR,2063,1,2135,16,1795,40,1514,0,1,0,1,0,8,-1,-13,0,-24,4,82,940,475,341,124,475,270,195,1710,1275,,,France,2026-06-11T02:15:06+00:00
4,4,EN,2024,1,2213,4,1983,17,1810,0,-18,0,-18,2,40,5,44,4,43,4,54,1162,509,524,129,685,215,262,2723,1118,,,England,2026-06-11T02:15:06+00:00
5,5,BR,1991,1,2195,4,1998,20,1805,1,13,1,13,0,-10,-2,-40,-4,-160,-2,-25,1067,373,346,348,672,172,223,2302,957,,,Brazil,2026-06-11T02:15:06+00:00
6,6,PT,1989,2,2060,19,1797,41,1624,1,13,1,13,-2,-41,0,-11,-2,-50,6,80,696,322,262,112,348,189,159,1226,781,,,Portugal,2026-06-11T02:15:06+00:00
7,7,CO,1982,3,2069,48,1621,102,1304,-2,-16,-2,-16,1,32,-2,-29,6,54,-3,-32,650,185,229,236,267,205,178,847,742,,,Colombia,2026-06-11T02:15:06+00:00
8,8,NL,1948,1,2153,15,1848,55,1553,0,-11,0,-11,-1,-27,2,-26,2,-1,2,24,903,430,358,115,466,240,197,1894,1144,,,Netherlands,2026-06-11T02:15:06+00:00
9,9,EC,1938,9,1938,64,1525,121,1183,0,5,0,5,2,33,5,70,15,145,5,63,600,183,211,206,185,254,161,724,904,,,Ecuador,2026-06-11T02:15:06+00:00
10,10,DE,1932,1,2223,8,1911,25,1637,2,22,2,22,0,19,3,13,2,-3,-8,-102,1047,470,416,161,606,224,217,2358,1233,,,Germany,2026-06-11T02:15:06+00:00
11,11,NO,1914,6,1944,38,1623,85,1364,0,-8,0,-8,3,48,26,180,26,176,40,279,888,426,409,53,335,355,198,1377,1445,,,Norway,2026-06-11T02:15:06+00:00
12,12,HR,1912,4,2015,12,1881,28,1780,-3,-21,-3,-21,-3,-15,-1,-56,6,87,6,94,400,158,167,75,210,84,106,696,404,,,Croatia,2026-06-11T02:15:06+00:00
13,13,TR,1911,9,1911,43,1610,77,1358,2,30,2,30,9,75,18,162,8,111,4,83,670,290,300,80,264,250,156,950,970,,,Turkey,2026-06-11T02:15:06+00:00
14,14,JP,1906,9,1913,61,1467,114,1126,2,28,2,28,2,49,2,53,18,145,16,152,836,332,207,297,409,257,170,1518,985,,,Japan,2026-06-11T02:15:06+00:00
15,15,BE,1894,1,2157,24,1755,70,1503,6,44,4,44,2,47,-7,-94,-13,-205,-4,-27,878,416,376,86,392,302,184,1606,1359,,,Belgium,2026-06-11T02:15:06+00:00
16,16,UY,1892,1,2104,12,1876,44,1636,-2,2,-2,2,-4,-9,-9,-99,-5,-44,-3,10,1019,336,432,251,446,321,252,1610,1254,,,Uruguay,2026-06-11T02:15:06+00:00
17,17,CH,1891,9,1933,27,1689,56,1485,-4,-6,-4,-6,1,46,4,87,-3,2,5,121,896,426,391,79,319,373,204,1338,1484,,,Switzerland,2026-06-11T02:15:06+00:00
18,18,MX,1875,4,1985,20,1783,48,1498,2,19,2,41,6,62,5,84,-3,-13,-12,-110,1029,297,273,459,535,257,237,1829,1054,,,Mexico,2026-06-11T02:15:06+00:00
19,19,DK,1869,1,2074,20,1799,59,1541,-1,4,-2,4,-4,4,-1,35,-10,-104,15,125,905,414,396,95,420,298,187,1652,1221,,,Denmark,2026-06-11T02:15:06+00:00
19,19,IT,1869,1,2134,8,1915,23,1607,0,10,-1,10,-6,-13,-7,-80,-13,-144,-4,-5,903,407,325,171,481,177,245,1581,894,,,Italy,2026-06-11T02:15:06+00:00
21,21,SN,1860,17,1879,56,1591,107,1386,-4,-10,3,56,8,75,9,93,18,130,23,186,706,221,260,225,319,193,194,969,672,,,Senegal,2026-06-11T02:15:06+00:00
22,22,PY,1834,5,1956,23,1755,51,1619,0,1,-1,1,1,9,19,124,6,63,14,93,789,215,365,209,277,303,209,1006,1115,,,Paraguay,2026-06-11T02:15:06+00:00
23,23,AT,1830,1,2070,20,1810,73,1549,0,12,0,12,-5,-15,-8,-33,10,84,-2,53,866,432,383,51,371,310,185,1561,1321,,,Austria,2026-06-11T02:15:06+00:00
24,24,MA,1827,11,1923,43,1657,86,1510,0,21,-2,1,1,15,3,57,18,150,39,252,730,319,219,192,365,165,200,1108,615,,,Morocco,2026-06-11T02:15:06+00:00
25,25,CA,1788,21,1841,49,1599,90,1471,0,-17,0,-14,4,3,14,68,28,161,53,267,490,154,200,136,190,185,115,629,624,,,Canada,2026-06-11T02:15:06+00:00
26,26,SQ,1782,1,2104,14,1879,63,1598,1,-8,1,-8,14,65,3,13,15,104,13,72,869,403,413,53,413,268,188,1503,1076,,,Scotland,2026-06-11T02:15:06+00:00
27,27,UA,1780,14,1873,31,1745,66,1561,-1,-22,-2,-22,0,-19,-10,-70,-8,-35,-11,-56,340,134,146,60,154,91,95,478,358,,,Ukraine,2026-06-11T02:15:06+00:00
28,28,AU,1777,11,1875,35,1672,77,1475,2,4,2,4,3,2,-1,7,10,46,12,70,637,271,223,143,326,180,131,1290,716,,,Australia,2026-06-11T02:15:06+00:00
29,29,DZ,1772,18,1807,48,1621,110,1386,11,44,7,36,14,68,22,131,5,27,17,116,690,261,234,195,311,196,183,1057,703,,,Algeria,2026-06-11T02:15:06+00:00
29,29,IR,1772,13,1853,40,1658,79,1450,4,17,4,17,-3,-29,-9,-48,-5,-21,5,28,670,223,195,252,384,132,154,1275,525,,,Iran,2026-06-11T02:15:06+00:00
29,29,RU,1772,1,2083,24,1742,50,1449,0,-10,0,-10,-1,-21,-4,-9,5,27,-1,13,815,313,383,119,432,174,209,1482,779,,,Russia,2026-06-11T02:15:06+00:00
32,32,NG,1767,16,1826,38,1668,74,1500,3,28,26,140,35,191,32,181,11,97,20,142,717,241,264,212,332,180,205,1081,725,,,Nigeria,2026-06-11T02:15:06+00:00
33,33,KR,1758,16,1845,35,1687,84,1445,-5,-26,-5,-26,-1,-12,2,21,-2,-4,-14,-39,1052,353,255,444,573,221,258,1913,964,,,South Korea,2026-06-11T02:15:06+00:00
34,34,GR,1744,7,1931,49,1559,91,1273,-2,-17,-2,-17,-14,-94,2,8,10,84,21,129,658,299,296,63,251,250,157,835,909,,,Greece,2026-06-11T02:15:06+00:00
35,35,CZ,1740,1,2032,13,1855,46,1669,3,9,4,9,0,-9,-9,-37,-6,-27,-5,-14,884,361,416,107,426,261,197,1629,1099,,,Czechia,2026-06-11T02:15:06+00:00
36,36,RS,1734,2,2017,20,1787,46,1515,-5,-34,-5,-34,-15,-103,-14,-67,-12,-59,1,9,862,302,424,136,403,267,192,1618,1181,,,Serbia,2026-06-11T02:15:06+00:00
37,37,VE,1733,18,1829,84,1432,122,1218,5,18,4,18,-1,-12,-4,-11,-7,-32,6,58,483,179,179,125,130,246,107,524,874,,,Venezuela,2026-06-11T02:15:06+00:00
38,38,PA,1730,27,1773,99,1362,143,1154,-1,-3,-3,-12,0,1,3,20,35,184,4,45,594,201,228,165,197,252,145,743,915,,,Panama,2026-06-11T02:15:06+00:00
39,39,US,1726,9,1890,41,1642,93,1410,-5,-21,-5,-21,6,32,-15,-59,-17,-71,-16,-43,827,489,253,85,367,287,173,1250,1077,,,United States,2026-06-11T02:15:06+00:00
40,40,CL,1717,2,2040,28,1678,59,1384,-2,-14,-1,-14,6,28,0,4,-21,-98,-31,-209,854,328,308,218,319,347,188,1197,1219,,,Chile,2026-06-11T02:15:06+00:00
41,41,KO,1715,37,1738,102,1420,119,1363,3,1,2,1,18,106,41,210,45,240,69,316,109,49,40,20,43,43,23,156,147,,,Kosovo,2026-06-11T02:15:06+00:00
42,42,UZ,1714,25,1766,59,1596,93,1428,-2,-14,-5,-21,0,7,5,45,24,144,6,64,367,130,129,108,180,112,75,636,402,,,Uzbekistan,2026-06-11T02:15:06+00:00
43,43,SE,1712,2,2013,17,1795,54,1579,9,52,9,52,-10,-48,1,38,-27,-136,-17,-50,1120,490,500,130,549,336,235,2229,1487,,,Sweden,2026-06-11T02:15:06+00:00
44,44,HU,1710,1,2234,20,1835,74,1529,2,12,0,12,0,9,-25,-121,-8,-30,-3,14,1035,469,492,74,489,324,222,2074,1527,,,Hungary,2026-06-11T02:15:06+00:00
44,44,PL,1710,2,2084,30,1712,63,1521,-8,-25,-7,-25,3,28,-12,-35,-21,-85,-20,-55,921,397,410,114,400,296,225,1564,1243,,,Poland,2026-06-11T02:15:06+00:00
46,46,PE,1700,10,1916,34,1679,76,1485,-1,-8,-2,2,-9,-44,-12,-42,-19,-86,-26,-92,710,266,253,191,229,305,176,860,991,,,Peru,2026-06-11T02:15:06+00:00
47,47,IE,1699,4,1918,24,1626,64,1237,2,11,0,11,7,66,11,78,8,76,-18,-59,743,378,305,60,262,287,194,979,1161,,,Ireland,2026-06-11T02:15:06+00:00
48,48,EG,1696,12,1872,37,1662,70,1527,5,37,18,106,1,30,6,63,14,98,2,57,885,354,281,250,447,217,221,1546,923,,,Egypt,2026-06-11T02:15:06+00:00
49,49,CI,1695,15,1863,45,1640,76,1476,9,58,12,88,16,108,4,60,-1,54,-11,-29,693,241,238,214,349,166,178,1132,696,,,Ivory Coast,2026-06-11T02:15:06+00:00
50,50,WA,1682,3,1909,22,1671,85,1403,-8,-33,-9,-33,-11,-44,-7,-1,-33,-151,-3,28,735,346,357,32,236,332,167,919,1176,,,Wales,2026-06-11T02:15:06+00:00
50,50,SI,1682,26,1777,54,1625,77,1518,-3,-13,-4,-13,-16,-70,-12,-51,6,65,6,69,321,145,146,30,116,118,87,401,381,,,Slovenia,2026-06-11T02:15:06+00:00
52,52,JO,1680,40,1701,111,1324,153,1095,-4,-9,-2,11,5,56,10,71,33,204,23,145,585,201,193,191,207,220,158,730,717,,,Jordan,2026-06-11T02:15:06+00:00
53,53,SK,1667,17,1775,40,1682,67,1567,-3,-20,-5,-20,-3,2,-7,-3,-8,11,-29,-98,368,158,166,44,150,131,87,521,460,,,Slovakia,2026-06-11T02:15:06+00:00
54,54,GE,1654,31,1755,70,1553,104,1434,1,4,-1,4,-13,-57,-6,-12,21,127,33,169,321,141,148,32,107,146,68,415,444,,,Georgia,2026-06-11T02:15:06+00:00
55,55,CD,1652,20,1782,62,1557,114,1387,2,13,4,36,11,69,15,99,32,178,10,83,549,166,225,158,226,172,151,836,643,,,DR Congo,2026-06-11T02:15:06+00:00
56,56,IL,1647,23,1776,49,1621,83,1428,4,16,1,16,-1,18,12,93,2,41,10,79,524,249,213,62,197,207,120,804,764,,,Israel,2026-06-11T02:15:06+00:00
57,57,RO,1639,5,1945,29,1717,65,1501,-1,-3,-3,-3,-9,-42,-7,-8,-6,10,-25,-113,802,333,377,92,355,247,200,1306,1020,,,Romania,2026-06-11T02:15:06+00:00
58,58,TN,1628,24,1757,47,1616,87,1438,3,14,-3,-13,0,15,-13,-43,-11,-19,15,77,777,337,253,187,330,231,216,1105,845,,,Tunisia,2026-06-11T02:15:06+00:00
59,59,BO,1621,21,1798,60,1509,93,1244,-5,-36,-10,-55,-8,-43,4,22,-10,-11,3,43,538,189,205,144,122,295,121,551,1060,,,Bolivia,2026-06-11T02:15:06+00:00
60,60,AL,1616,38,1675,72,1504,116,1363,-9,-48,-9,-48,-4,-11,-3,-7,10,60,-6,0,410,192,185,33,116,209,85,396,604,,,Albania,2026-06-11T02:15:06+00:00
61,61,CM,1614,14,1850,53,1605,80,1442,1,8,12,55,1,21,4,32,7,49,-5,1,661,184,247,230,287,172,202,952,712,,,Cameroon,2026-06-11T02:15:06+00:00
62,62,CR,1608,9,1866,36,1690,76,1479,-3,-24,-6,-24,-10,-50,-3,-11,-8,-18,-29,-137,791,259,282,250,356,244,191,1369,922,,,Costa Rica,2026-06-11T02:15:06+00:00
63,63,IQ,1607,23,1740,47,1622,96,1456,5,25,0,9,9,57,-14,-52,-13,-23,19,103,762,139,232,391,360,190,212,1204,710,,,Iraq,2026-06-11T02:15:06+00:00
64,64,EI,1605,13,1853,40,1655,110,1397,-1,3,-2,3,5,44,13,91,3,39,-11,-19,612,276,298,38,172,290,150,645,928,,,Northern Ireland,2026-06-11T02:15:06+00:00
65,65,BA,1595,20,1806,53,1626,90,1469,4,23,3,23,11,72,25,119,-13,-33,-38,-166,281,118,136,27,104,111,66,394,386,,,Bosnia and Herzegovina,2026-06-11T02:15:06+00:00
66,66,NM,1589,40,1667,74,1534,110,1402,-2,-3,-1,-3,-13,-45,8,43,-7,-13,36,158,305,141,134,30,95,131,79,364,411,,,North Macedonia,2026-06-11T02:15:06+00:00
67,67,ML,1588,42,1650,70,1523,129,1302,-1,-1,-7,-24,-6,-13,-7,-26,5,40,4,31,625,195,234,196,249,206,170,824,718,,,Mali,2026-06-11T02:15:06+00:00
68,68,CV,1578,65,1579,120,1302,146,1172,4,17,4,17,9,60,3,26,27,140,16,76,253,80,91,82,96,97,60,273,278,,,Cape Verde,2026-06-11T02:15:06+00:00
69,69,SA,1576,29,1736,76,1499,125,1253,-5,-16,-5,-21,-6,-15,-9,-38,-5,-4,7,49,839,324,151,364,396,247,196,1283,896,,,Saudi Arabia,2026-06-11T02:15:06+00:00
70,70,HN,1570,23,1789,63,1500,110,1330,0,3,0,3,-2,8,8,58,-10,-29,7,45,668,212,217,239,263,232,173,964,859,,,Honduras,2026-06-11T02:15:06+00:00
71,71,IS,1568,18,1841,81,1425,127,1258,0,6,0,2,1,18,-4,7,-14,-44,-26,-98,527,216,251,60,160,263,104,635,885,,,Iceland,2026-06-11T02:15:06+00:00
72,72,NZ,1562,29,1642,66,1500,102,1334,-5,-23,-5,-23,-12,-40,4,37,10,77,-2,2,441,135,189,117,181,181,79,767,650,,,New Zealand,2026-06-11T02:15:06+00:00
73,73,HT,1548,36,1673,81,1418,129,1265,1,6,2,6,9,50,10,47,-5,-17,14,63,563,181,196,186,247,198,118,962,761,,,Haiti,2026-06-11T02:15:06+00:00
74,74,AO,1542,52,1629,86,1456,161,1213,-1,-1,-5,-27,0,-4,5,31,39,174,45,194,475,166,184,125,176,140,159,579,490,,,Angola,2026-06-11T02:15:06+00:00
75,75,AE,1540,37,1692,98,1395,163,981,1,0,1,2,0,3,4,29,12,66,-14,-43,674,287,141,246,263,238,173,933,831,,,United Arab Emirates,2026-06-11T02:15:06+00:00
76,76,FI,1536,14,1757,62,1500,120,1246,4,27,4,27,-5,-20,-20,-91,-36,-148,-13,-39,825,337,430,58,217,441,167,972,1699,,,Finland,2026-06-11T02:15:06+00:00
77,77,BF,1529,56,1617,98,1402,137,1265,0,-5,-3,-19,3,27,9,46,-6,-20,19,69,493,154,188,151,170,192,131,614,677,,,Burkina Faso,2026-06-11T02:15:06+00:00
78,78,JM,1527,38,1700,83,1413,133,1221,-4,-15,0,-1,-14,-61,-27,-114,-13,-52,-9,-38,719,272,268,179,280,272,167,961,942,,,Jamaica,2026-06-11T02:15:06+00:00
79,79,BY,1522,44,1666,80,1505,120,1349,3,26,3,26,4,30,14,76,1,31,-20,-62,308,105,158,45,91,137,80,348,445,,,Belarus,2026-06-11T02:15:06+00:00
80,80,ZA,1517,7,1847,32,1707,99,1448,-2,-11,-3,-13,-10,-40,-14,-62,2,32,-22,-85,526,276,161,89,231,141,154,720,543,,,South Africa,2026-06-11T02:15:06+00:00
81,81,GH,1510,10,1877,42,1650,101,1424,-1,1,-1,1,5,33,-6,-28,-21,-89,-32,-130,779,247,298,234,370,213,196,1248,823,,,Ghana,2026-06-11T02:15:06+00:00
82,82,GT,1504,30,1642,68,1486,108,1382,-3,-21,-4,-24,2,23,3,18,-5,0,4,14,628,205,180,243,225,237,166,878,858,,,Guatemala,2026-06-11T02:15:06+00:00
83,83,OM,1480,53,1634,127,1211,181,782,0,-11,0,-11,-3,-22,-10,-68,-4,-17,8,9,594,230,145,219,223,219,152,757,784,,,Oman,2026-06-11T02:15:06+00:00
84,84,SY,1479,53,1618,86,1428,124,1253,0,-7,-1,-12,9,36,15,56,0,0,-3,-35,598,125,224,249,223,227,148,859,760,,,Syria,2026-06-11T02:15:06+00:00
85,85,PS,1465,66,1483,121,1255,159,1155,1,-4,1,-18,2,5,16,52,16,51,31,113,292,19,113,160,84,128,80,370,446,,,Palestine,2026-06-11T02:15:06+00:00
86,86,GN,1463,21,1771,72,1516,128,1302,-1,-22,-1,-22,5,12,1,-19,10,31,-6,-57,646,172,263,211,251,211,184,953,804,,,Guinea,2026-06-11T02:15:06+00:00
87,87,ME,1461,34,1720,60,1597,94,1440,2,17,3,17,-8,-53,-19,-93,-11,-56,-15,-95,174,91,78,5,58,73,43,205,239,,,Montenegro,2026-06-11T02:15:06+00:00
88,88,BG,1458,7,1911,41,1633,98,1312,0,5,1,5,2,6,-4,-30,-10,-41,-29,-126,781,299,400,82,286,300,195,1094,1152,,,Bulgaria,2026-06-11T02:15:06+00:00
89,89,LU,1450,24,1520,108,1256,191,979,14,55,16,55,0,-5,-10,-61,17,64,59,211,475,258,201,16,55,358,62,309,1225,,,Luxembourg,2026-06-11T02:15:06+00:00
90,90,NS,1442,64,1486,87,1450,105,1426,0,0,1,0,4,0,5,0,4,0,10,1,16,5,3,8,8,6,2,28,22,,,Northern Cyprus,2026-06-11T02:15:06+00:00
91,91,CW,1434,26,1618,97,1381,188,1011,-4,-32,-3,-32,14,45,28,81,5,2,77,268,500,174,177,149,202,174,124,884,771,,,Curaçao,2026-06-11T02:15:06+00:00
92,92,SR,1431,26,1592,84,1404,170,1160,-1,-9,0,-9,6,21,40,113,33,94,70,222,543,231,222,90,239,175,129,986,740,,,Suriname,2026-06-11T02:15:06+00:00
93,93,KZ,1428,48,1622,100,1420,130,1307,4,18,8,18,8,26,-2,-35,31,81,14,9,272,103,123,46,70,143,59,285,454,,,Kazakhstan,2026-06-11T02:15:06+00:00
94,94,CN,1424,17,1752,50,1577,112,1376,3,14,9,21,6,21,10,22,-4,-47,-28,-144,764,272,265,227,369,231,164,1422,862,,,China,2026-06-11T02:15:06+00:00
94,94,KD,1424,94,1424,100,1424,108,1403,0,0,4,0,2,0,3,0,6,0,10,0,4,2,0,2,3,0,1,12,3,,,Kurdistan,2026-06-11T02:15:06+00:00
96,96,QA,1421,26,1771,93,1416,164,963,-4,-4,0,-4,-18,-96,-41,-208,-50,-233,-22,-117,699,328,147,224,289,233,177,993,826,,,Qatar,2026-06-11T02:15:06+00:00
97,97,LY,1420,43,1617,82,1469,128,1321,-5,-5,-1,-5,13,35,6,10,23,65,-7,-58,458,164,166,128,165,185,108,620,611,,,Libya,2026-06-11T02:15:06+00:00
98,98,GM,1419,88,1454,118,1309,144,1190,-4,-5,0,-5,10,33,20,61,10,41,42,138,299,108,100,91,81,136,82,319,433,,,Gambia,2026-06-11T02:15:06+00:00
99,99,BH,1414,51,1634,109,1349,155,1075,-3,-4,1,-4,-7,-35,-6,-32,-25,-129,4,-13,637,218,159,260,223,248,166,780,826,,,Bahrain,2026-06-11T02:15:06+00:00
100,100,BJ,1405,57,1540,109,1356,168,1130,-3,-5,-6,-29,-1,-2,5,8,-9,-54,11,11,354,129,142,83,87,182,85,366,623,,,Benin,2026-06-11T02:15:06+00:00
101,101,GA,1401,59,1593,95,1413,126,1268,-1,-4,-14,-66,-14,-59,-4,-23,-3,-30,-3,-45,462,184,154,124,159,174,129,551,567,,,Gabon,2026-06-11T02:15:06+00:00
102,102,UG,1394,29,1625,75,1482,130,1306,2,0,-7,-39,10,13,13,33,-10,-56,-17,-106,736,251,257,228,304,238,194,1108,887,,,Uganda,2026-06-11T02:15:06+00:00
103,103,TT,1386,11,1661,61,1505,125,1313,-1,-17,0,-17,0,-10,-2,-27,15,27,-37,-182,872,344,365,163,375,304,193,1446,1130,,,Trinidad and Tobago,2026-06-11T02:15:06+00:00
103,103,FO,1386,61,1386,122,1252,169,1154,4,5,5,5,44,111,51,131,39,124,48,154,283,119,141,23,51,195,37,213,641,,,Faroe Islands,2026-06-11T02:15:06+00:00
105,105,NE,1382,98,1409,133,1239,159,1082,-4,-22,-3,-22,20,45,51,144,43,147,38,119,292,100,117,75,65,158,69,287,517,,,Niger,2026-06-11T02:15:06+00:00
106,106,MG,1380,68,1508,104,1366,167,1162,6,12,4,12,29,67,28,68,7,12,44,143,357,120,121,116,136,143,78,494,536,,,Madagascar,2026-06-11T02:15:06+00:00
106,106,GQ,1380,61,1604,151,1159,189,1007,0,-3,-13,-59,-21,-100,-34,-171,15,28,15,41,196,80,64,52,56,96,44,182,288,,,Equatorial Guinea,2026-06-11T02:15:06+00:00
108,108,TG,1379,48,1603,90,1439,144,1263,11,36,12,36,10,8,5,9,28,91,1,-28,495,179,198,118,158,210,127,539,675,,,Togo,2026-06-11T02:15:06+00:00
109,109,TH,1376,67,1547,112,1318,140,1125,3,8,1,8,13,25,-10,-47,21,57,-8,-62,935,389,200,346,366,358,211,1487,1408,,,Thailand,2026-06-11T02:15:06+00:00
110,110,KP,1375,17,1801,63,1567,131,1315,-2,0,-1,0,6,0,-3,-18,-2,-3,-28,-129,417,50,149,218,175,127,115,641,447,,,North Korea,2026-06-11T02:15:06+00:00
111,111,KM,1374,95,1434,186,941,206,830,-3,-1,2,14,-15,-50,35,91,39,140,80,407,159,29,35,95,41,81,37,145,246,,,Comoros,2026-06-11T02:15:06+00:00
112,112,AM,1373,62,1588,102,1418,143,1243,-7,-16,-6,-16,-5,-14,-20,-88,-49,-210,-34,-148,283,115,132,36,66,158,59,283,539,,,Armenia,2026-06-11T02:15:06+00:00
113,113,ZW,1372,43,1574,78,1462,146,1278,7,30,3,20,-11,-26,30,88,-10,-28,-5,-36,552,190,223,139,207,184,161,738,663,,,Zimbabwe,2026-06-11T02:15:06+00:00
113,113,ID,1372,39,1578,101,1361,179,1103,8,31,9,31,8,15,13,45,66,264,48,161,784,252,192,340,299,332,153,1317,1269,,,Indonesia,2026-06-11T02:15:06+00:00
115,115,ZM,1371,31,1709,60,1551,124,1344,-4,0,-3,6,-7,-15,-26,-108,-35,-120,-20,-92,879,282,360,237,393,261,225,1389,954,,,Zambia,2026-06-11T02:15:06+00:00
116,116,KE,1363,53,1563,90,1379,140,1240,1,19,2,19,-2,-13,-10,-32,-11,-24,4,23,781,291,283,207,294,293,194,1078,1062,,,Kenya,2026-06-11T02:15:06+00:00
117,117,EE,1360,32,1541,94,1353,174,1088,-3,1,-3,1,2,-6,-3,-6,-15,-44,-25,-107,541,231,255,55,134,287,120,533,962,,,Estonia,2026-06-11T02:15:06+00:00
118,118,VN,1351,62,1518,120,1298,177,1092,9,22,8,22,13,30,29,75,-19,-74,27,95,525,174,131,220,222,200,103,922,771,,,Vietnam,2026-06-11T02:15:06+00:00
119,119,SD,1350,23,1707,90,1444,155,1226,-4,0,-4,-3,-16,-46,-8,-24,-12,-33,15,61,553,154,204,195,187,225,141,628,730,,,Sudan,2026-06-11T02:15:06+00:00
120,120,RE,1345,72,1395,125,1184,159,1047,-4,0,-3,0,4,0,2,0,-8,-24,-7,-36,139,53,38,48,55,55,29,237,252,,,Reunion,2026-06-11T02:15:06+00:00
121,121,SV,1342,32,1606,72,1471,130,1322,9,18,9,18,-16,-47,-12,-48,-34,-132,-16,-79,687,210,209,268,227,306,154,863,1023,,,El Salvador,2026-06-11T02:15:06+00:00
121,121,MZ,1342,83,1495,116,1332,152,1210,-11,-30,-15,-47,-26,-90,-14,-51,18,71,-6,-17,444,166,177,101,139,194,111,466,585,,,Mozambique,2026-06-11T02:15:06+00:00
123,123,SL,1341,65,1552,104,1368,158,1185,-6,-3,-5,-3,6,16,7,20,9,23,-6,-10,337,116,141,80,98,150,89,331,474,,,Sierra Leone,2026-06-11T02:15:06+00:00
124,124,GP,1338,50,1530,91,1408,166,1179,0,0,0,0,-10,-38,3,12,33,130,17,60,293,92,89,112,128,114,51,507,410,,,Guadeloupe,2026-06-11T02:15:06+00:00
125,125,RW,1336,96,1461,144,1206,176,1035,11,28,12,28,7,16,8,19,3,11,8,45,290,107,100,83,90,126,74,298,364,,,Rwanda,2026-06-11T02:15:06+00:00
126,126,NI,1333,65,1373,146,1031,197,900,2,5,1,5,3,8,-5,-16,25,104,18,72,253,63,100,90,54,167,32,258,621,,,Nicaragua,2026-06-11T02:15:06+00:00
127,127,KW,1332,27,1734,83,1468,143,1178,1,4,0,4,14,42,2,10,-23,-60,-34,-134,762,269,176,317,321,248,193,1198,880,,,Kuwait,2026-06-11T02:15:06+00:00
128,128,MR,1329,98,1424,155,1115,181,911,6,18,7,18,-2,-4,-6,-16,-17,-43,7,41,300,91,103,106,56,173,71,217,527,,,Mauritania,2026-06-11T02:15:06+00:00
129,129,AZ,1322,63,1551,107,1397,143,1257,-6,-17,-6,-17,-9,-43,-42,-160,-19,-53,-17,-67,324,116,152,56,67,176,81,265,545,,,Azerbaijan,2026-06-11T02:15:06+00:00
130,130,ZN,1320,102,1366,145,1119,168,936,1,0,1,0,2,0,1,0,-1,-2,7,35,217,37,45,135,39,131,47,186,458,,,Zanzibar,2026-06-11T02:15:06+00:00
131,131,CY,1314,63,1575,102,1377,141,1249,6,12,7,12,6,15,3,2,-16,-51,-25,-106,429,237,186,6,84,271,74,387,932,,,Cyprus,2026-06-11T02:15:06+00:00
132,132,TZ,1313,65,1510,117,1295,169,1130,-10,-27,-3,-12,-21,-71,-10,-32,1,19,-7,-12,658,244,237,177,193,280,185,752,963,,,Tanzania,2026-06-11T02:15:06+00:00
133,133,MQ,1312,39,1565,79,1458,133,1312,-7,-19,-12,-30,-16,-61,-37,-126,-40,-134,-39,-153,371,136,125,110,167,116,88,676,488,,,Martinique,2026-06-11T02:15:06+00:00
134,134,LR,1304,70,1518,112,1342,154,1218,4,4,5,4,15,41,17,39,-15,-52,-10,-25,342,146,144,52,91,175,76,318,521,,,Liberia,2026-06-11T02:15:06+00:00
135,135,NA,1303,97,1428,136,1272,168,1117,-1,-8,0,-8,-22,-77,-24,-71,-9,-30,-13,-34,304,102,121,81,77,135,92,295,424,,,Namibia,2026-06-11T02:15:06+00:00
136,136,KG,1295,127,1332,155,1203,178,1095,-4,-18,-3,-18,-9,-37,14,29,12,60,24,83,192,49,74,69,55,105,32,208,337,,,Kyrgyzstan,2026-06-11T02:15:06+00:00
137,137,MY,1293,58,1548,122,1290,185,1054,-5,-20,-4,-20,3,2,11,21,24,106,37,173,925,390,240,295,362,352,211,1512,1339,,,Malaysia,2026-06-11T02:15:06+00:00
138,138,GY,1292,15,1523,104,1293,182,1043,9,17,9,17,11,29,14,33,35,153,18,71,456,179,194,83,142,224,90,589,790,,,Guyana,2026-06-11T02:15:06+00:00
139,139,LB,1288,78,1472,108,1333,164,1166,-14,-44,-14,-44,-11,-39,1,0,-22,-74,-25,-80,421,140,144,137,123,186,112,507,621,,,Lebanon,2026-06-11T02:15:06+00:00
139,139,LV,1288,41,1575,87,1399,155,1217,4,2,5,2,-3,-13,-5,-24,-1,7,-50,-192,459,193,213,53,128,220,111,536,754,,,Latvia,2026-06-11T02:15:06+00:00
141,141,ET,1287,39,1638,99,1394,153,1238,7,23,7,23,4,8,2,3,-14,-39,-12,-13,474,216,163,95,171,199,104,657,691,,,Ethiopia,2026-06-11T02:15:06+00:00
142,142,NC,1286,50,1532,103,1357,176,1089,-2,-8,-1,-8,2,1,15,56,-1,20,-16,-27,285,87,71,127,141,110,34,739,419,,,New Caledonia,2026-06-11T02:15:06+00:00
143,143,TJ,1285,75,1504,123,1334,164,1195,-4,-12,-3,-12,-1,-3,-33,-94,1,31,14,65,212,57,84,71,80,86,46,305,297,,,Tajikistan,2026-06-11T02:15:06+00:00
143,143,BI,1285,85,1464,125,1285,168,1163,8,46,8,46,-4,-7,0,1,2,38,-20,-51,241,52,89,100,74,112,55,274,334,,,Burundi,2026-06-11T02:15:06+00:00
145,145,DO,1283,138,1295,167,1060,188,930,-4,-10,-3,-10,-3,-5,16,77,18,112,14,66,190,86,64,40,69,89,32,301,307,,,Dominican Republic,2026-06-11T02:15:06+00:00
146,146,LT,1279,47,1662,92,1319,151,1050,0,2,0,2,-8,-15,-30,-81,-16,-40,-47,-164,418,170,207,41,106,230,82,415,759,,,Lithuania,2026-06-11T02:15:06+00:00
147,147,MD,1270,65,1556,109,1391,166,1169,-5,-18,-4,-18,-13,-49,-27,-82,8,51,-29,-80,302,115,146,41,60,172,70,247,523,,,Moldova,2026-06-11T02:15:06+00:00
148,148,BW,1267,100,1437,150,1167,190,996,-4,-18,-16,-52,-25,-83,-23,-64,-14,-25,-9,-15,368,166,136,66,98,166,104,311,490,,,Botswana,2026-06-11T02:15:06+00:00
149,149,MT,1255,78,1435,118,1322,171,1155,-4,-23,-4,-23,4,5,4,-3,7,37,3,24,456,246,183,27,66,314,76,298,1020,,,Malta,2026-06-11T02:15:06+00:00
150,150,GW,1248,84,1415,126,1282,163,1178,0,4,0,4,-2,-16,-34,-112,-28,-103,-12,-35,215,66,64,85,58,104,53,215,320,,,Guinea-Bissau,2026-06-11T02:15:06+00:00
151,151,CU,1239,21,1683,84,1438,161,1114,2,10,2,10,5,15,-13,-55,-11,-30,-24,-71,485,103,212,170,185,189,111,678,684,,,Cuba,2026-06-11T02:15:06+00:00
151,151,MW,1239,48,1590,115,1327,153,1093,-2,-13,-2,-13,0,-17,-14,-63,-28,-110,-20,-59,700,306,245,149,232,265,203,817,902,,,Malawi,2026-06-11T02:15:06+00:00
153,153,CF,1236,83,1417,124,1295,167,1177,-1,-2,-1,-2,-7,-42,-25,-88,-16,-47,-25,-65,164,32,67,65,36,94,34,181,326,,,Central African Republic,2026-06-11T02:15:06+00:00
154,154,GF,1223,71,1395,125,1246,172,1109,0,0,0,0,3,0,-15,-66,-12,-39,-7,-29,190,66,67,57,57,92,41,280,328,,,French Guiana,2026-06-11T02:15:06+00:00
155,155,YT,1216,149,1233,157,1202,174,1124,1,0,1,0,5,0,5,0,-1,-8,3,-2,41,2,11,28,13,17,11,55,59,,,Mayotte,2026-06-11T02:15:06+00:00
156,156,TM,1209,67,1547,117,1358,161,1205,-1,-8,-1,-8,-4,-42,3,-9,-21,-82,-24,-83,187,42,76,69,71,82,34,288,281,,,Turkmenistan,2026-06-11T02:15:06+00:00
157,157,CG,1207,33,1690,83,1470,159,1207,2,0,2,0,0,-16,-8,-64,-41,-156,-60,-248,474,180,188,106,173,186,115,679,662,,,Congo,2026-06-11T02:15:06+00:00
158,158,ER,1201,142,1246,164,1158,185,1056,6,62,6,62,8,62,9,62,15,62,27,127,86,20,28,38,17,50,19,61,137,,,Eritrea,2026-06-11T02:15:06+00:00
159,159,LS,1198,125,1325,151,1179,179,1102,-3,-18,-3,-18,0,-24,-17,-88,-13,-45,20,93,354,113,147,94,70,180,104,280,580,,,Lesotho,2026-06-11T02:15:06+00:00
160,160,YE,1195,109,1367,144,1212,178,1078,3,44,3,44,12,74,11,82,-2,-11,3,-13,295,56,87,152,66,173,56,304,573,,,Yemen,2026-06-11T02:15:06+00:00
161,161,PH,1179,27,1352,135,1069,220,681,1,23,1,23,8,46,22,137,11,33,-19,-89,397,110,127,160,99,238,60,432,1023,,,Philippines,2026-06-11T02:15:06+00:00
162,162,TI,1177,49,1591,102,1386,171,1137,-2,0,-2,0,-1,0,1,-7,-2,-16,-9,-53,254,58,71,125,136,82,36,693,383,,,Tahiti,2026-06-11T02:15:06+00:00
163,163,SW,1148,119,1347,153,1168,181,1062,-5,-62,-5,-62,-9,-80,-8,-94,7,1,-27,-139,324,123,131,70,71,158,95,297,542,,,Eswatini,2026-06-11T02:15:06+00:00
164,164,VC,1141,58,1501,110,1322,185,1030,-3,-30,-3,-30,3,4,13,75,6,-6,12,29,365,138,135,92,131,150,84,566,648,,,Saint Vincent and the Grenadines,2026-06-11T02:15:06+00:00
165,165,PG,1135,136,1223,165,1091,188,1017,1,0,1,0,9,31,9,52,4,-15,13,29,165,30,43,92,54,80,31,352,356,,,Papua New Guinea,2026-06-11T02:15:06+00:00
165,165,PR,1135,100,1166,169,936,203,829,2,1,2,1,3,1,1,-10,19,77,19,50,196,73,67,56,46,121,29,229,491,,,Puerto Rico,2026-06-11T02:15:06+00:00
167,167,SG,1134,80,1415,134,1228,187,1041,2,3,2,3,9,52,3,18,6,-5,2,-25,772,322,185,265,242,373,157,1036,1396,,,Singapore,2026-06-11T02:15:06+00:00
168,168,IN,1128,24,1685,110,1341,186,1029,2,5,2,5,-3,-14,-6,-70,-9,-73,15,37,612,177,172,263,220,263,129,838,1001,,,India,2026-06-11T02:15:06+00:00
169,169,VU,1118,111,1263,156,1104,191,960,5,4,5,4,12,73,13,73,-6,-53,-4,-69,227,54,51,122,71,124,32,404,485,,,Vanuatu,2026-06-11T02:15:06+00:00
170,170,BM,1117,91,1432,128,1284,177,1082,1,-3,2,-3,-8,-51,-1,-7,-23,-125,-16,-112,236,106,82,48,79,112,45,375,417,,,Bermuda,2026-06-11T02:15:06+00:00
171,171,SS,1109,163,1155,178,1087,188,1018,-4,-25,-4,-25,-2,-24,-6,-41,11,30,2,-14,81,18,29,34,13,52,16,55,145,,,South Sudan,2026-06-11T02:15:06+00:00
172,172,FJ,1104,78,1466,129,1246,175,1069,3,-4,3,-4,-17,-123,-14,-116,-20,-123,-24,-135,288,106,65,117,126,106,56,647,463,,,Fiji,2026-06-11T02:15:06+00:00
173,173,HK,1101,60,1533,123,1288,180,1058,-8,-35,-8,-35,-9,-47,5,43,-8,-69,-8,-86,514,183,152,179,178,234,102,816,873,,,Hong Kong,2026-06-11T02:15:06+00:00
174,174,GD,1098,46,1548,101,1370,186,1060,-1,-21,-3,-24,-1,-8,1,16,-6,-55,1,-19,310,115,116,79,103,129,78,490,561,,,Grenada,2026-06-11T02:15:06+00:00
175,175,AD,1080,169,1130,182,1050,195,952,4,-3,4,-3,2,14,-4,-33,12,52,18,120,231,92,106,33,15,184,32,77,543,,,Andorra,2026-06-11T02:15:06+00:00
176,176,MU,1073,36,1634,108,1334,195,930,1,-18,1,-18,-1,-22,9,64,13,66,5,-25,359,124,151,84,100,174,85,450,572,,,Mauritius,2026-06-11T02:15:06+00:00
176,176,TD,1073,107,1318,135,1244,176,1073,-5,-47,-4,-47,-13,-78,-12,-101,-14,-107,-30,-180,182,45,59,78,35,105,42,165,340,,,Chad,2026-06-11T02:15:06+00:00
176,176,BZ,1073,61,1201,139,1114,183,1034,0,-32,0,-32,2,15,3,17,1,-52,-11,-114,129,44,44,41,32,74,23,138,245,,,Belize,2026-06-11T02:15:06+00:00
179,179,SB,1054,110,1378,147,1183,179,1041,-1,-36,-1,-36,-8,-72,-39,-234,-12,-103,-8,-85,223,59,62,102,94,92,37,480,428,,,Solomon Islands,2026-06-11T02:15:06+00:00
180,180,MF,1042,155,1120,187,983,214,755,6,39,6,39,2,-1,14,102,26,189,26,178,86,18,36,32,33,44,9,136,191,,,Saint Martin,2026-06-11T02:15:06+00:00
181,181,ST,1035,153,1116,174,1056,190,985,-1,-21,-1,-21,2,-3,0,-11,2,-29,-1,-66,82,24,36,22,11,60,11,59,213,,,Sao Tome and Principe,2026-06-11T02:15:06+00:00
182,182,KN,1029,88,1387,138,1174,186,1001,2,24,2,24,3,4,-6,-48,-29,-196,-52,-270,252,121,80,51,104,101,47,431,396,,,Saint Kitts and Nevis,2026-06-11T02:15:06+00:00
183,183,GI,1011,167,1151,178,1081,189,1002,-1,-6,-1,-6,-3,-35,-4,-45,-2,-76,-6,-99,118,41,49,28,18,85,15,70,344,,,Gibraltar,2026-06-11T02:15:06+00:00
184,184,JS,1005,184,1005,188,1004,190,995,0,0,0,0,2,0,2,0,6,0,3,0,2,0,0,2,1,0,1,4,3,,,Somaliland,2026-06-11T02:15:06+00:00
185,185,LC,1003,67,1353,126,1240,192,977,-2,-5,-2,-5,-2,-35,-12,-85,1,-28,-3,-94,264,89,108,67,90,132,42,361,485,,,Saint Lucia,2026-06-11T02:15:06+00:00
186,186,EH,996,186,996,189,996,192,996,1,0,1,0,1,0,2,0,5,0,2,0,1,0,1,0,0,1,0,0,6,,,Western Sahara,2026-06-11T02:15:06+00:00
187,187,MM,984,34,1675,125,1244,199,896,5,39,5,39,3,33,10,62,-2,-66,-1,-84,554,119,139,296,219,231,104,899,958,,,Myanmar,2026-06-11T02:15:06+00:00
188,188,SO,979,132,1218,166,1072,207,835,1,18,1,18,9,68,12,84,9,62,19,135,150,10,48,92,15,112,23,78,375,,,Somalia,2026-06-11T02:15:06+00:00
189,189,AW,978,51,1444,125,1198,204,880,2,29,2,29,7,61,1,-7,9,68,9,62,208,83,81,44,52,112,44,298,471,,,Aruba,2026-06-11T02:15:06+00:00
190,190,SX,975,164,977,187,909,213,758,0,19,0,19,3,43,13,122,23,211,14,95,75,16,25,34,23,39,13,107,194,,,Sint Maarten,2026-06-11T02:15:06+00:00
191,191,MS,972,116,1022,191,642,236,526,-3,0,-3,0,-3,0,-7,-43,3,25,36,328,74,15,26,33,18,48,8,76,235,,,Montserrat,2026-06-11T02:15:06+00:00
192,192,AF,961,96,1166,167,920,210,778,-11,-74,-11,-74,-13,-96,-24,-175,-16,-174,-22,-192,168,8,67,93,38,92,38,153,340,,,Afghanistan,2026-06-11T02:15:06+00:00
193,193,GL,945,163,1035,185,975,197,945,-1,0,-1,0,-2,0,-1,0,-1,-17,-1,-17,22,2,7,13,5,16,1,35,50,,,Greenland,2026-06-11T02:15:06+00:00
194,194,BD,942,150,1115,181,980,210,796,0,2,0,2,5,35,1,9,13,91,8,58,327,92,97,138,88,166,73,300,584,,,Bangladesh,2026-06-11T02:15:06+00:00
195,195,DJ,940,105,942,178,872,215,748,3,25,3,25,-1,11,-2,-2,7,44,20,190,121,28,40,53,11,99,11,83,424,,,Djibouti,2026-06-11T02:15:06+00:00
196,196,DM,934,59,1330,132,1196,198,932,-1,-4,-1,-4,-7,-34,-10,-71,-8,-88,-2,-23,246,69,97,80,60,132,54,288,488,,,Dominica,2026-06-11T02:15:06+00:00
197,197,PK,909,69,1458,154,1101,209,788,10,79,10,79,12,94,9,81,7,30,-2,-43,287,63,97,127,66,170,51,279,642,,,Pakistan,2026-06-11T02:15:06+00:00
198,198,MC,903,193,909,199,900,202,890,1,0,1,0,3,0,1,0,3,0,1,-6,9,0,1,8,4,2,3,11,15,,,Monaco,2026-06-11T02:15:06+00:00
199,199,BB,898,54,1406,121,1243,200,898,-3,-23,-3,-23,-7,-40,-3,-32,-21,-215,-27,-236,375,168,132,75,117,162,96,492,616,,,Barbados,2026-06-11T02:15:06+00:00
200,200,AG,895,102,1319,145,1178,201,895,1,0,1,0,-2,-14,-11,-92,-34,-268,-45,-333,285,116,101,68,95,136,54,394,491,,,Antigua and Barbuda,2026-06-11T02:15:06+00:00
200,200,LI,895,143,1242,167,1114,201,895,0,-5,0,-5,0,-10,-9,-72,-20,-197,-36,-297,259,115,125,19,19,208,32,104,726,,,Liechtenstein,2026-06-11T02:15:06+00:00
202,202,NP,893,167,1008,190,889,209,729,-5,-26,-5,-26,-7,-33,-1,-1,-6,-49,-2,-11,295,74,91,130,68,174,53,247,665,,,Nepal,2026-06-11T02:15:06+00:00
203,203,KH,871,93,1391,157,1058,221,677,0,27,0,27,4,36,1,19,5,33,7,101,318,82,93,143,73,200,45,367,816,,,Cambodia,2026-06-11T02:15:06+00:00
204,204,SC,853,157,1123,182,987,205,842,0,11,0,11,-1,2,1,2,-4,-54,-14,-133,190,51,58,81,26,131,33,144,425,,,Seychelles,2026-06-11T02:15:06+00:00
205,205,LK,836,77,1045,161,933,227,648,5,53,5,53,5,54,12,133,21,172,7,76,285,70,89,126,58,177,50,278,693,,,Sri Lanka,2026-06-11T02:15:06+00:00
206,206,SM,825,165,1015,195,917,212,770,0,-8,0,-8,-2,-20,6,49,3,-2,-3,-58,228,110,110,8,3,213,12,44,895,,,San Marino,2026-06-11T02:15:06+00:00
207,207,TW,822,15,1767,144,1169,213,760,-5,-44,-5,-44,-5,-59,-9,-82,-8,-87,5,62,339,96,109,134,96,191,52,465,788,,,Taiwan,2026-06-11T02:15:06+00:00
208,208,BQ,817,81,1130,150,1037,208,817,0,-6,0,-6,-2,-19,-1,-9,-15,-141,-19,-173,104,19,52,33,24,68,12,116,257,,,Bonaire,2026-06-11T02:15:06+00:00
209,209,MV,801,162,1174,191,885,210,712,-4,-40,-4,-40,-4,-41,-7,-82,-14,-145,-12,-135,241,65,82,94,67,135,39,289,538,,,Maldives,2026-06-11T02:15:06+00:00
210,210,KY,800,153,1140,183,1000,210,795,-1,-6,-1,-6,-2,-20,-2,-24,-7,-91,-14,-146,129,60,39,30,26,78,25,125,313,,,Cayman Islands,2026-06-11T02:15:06+00:00
211,211,HG,782,208,805,211,783,213,773,0,0,0,0,-1,0,0,0,-1,9,-3,-13,4,0,0,4,1,2,1,8,10,,,Chagos Islands,2026-06-11T02:15:06+00:00
212,212,TV,756,179,819,204,745,218,719,0,0,0,0,1,0,2,0,3,19,4,31,34,0,4,30,9,21,4,47,182,,,Tuvalu,2026-06-11T02:15:06+00:00
213,213,VG,743,173,932,207,788,232,590,8,50,8,50,15,116,14,91,18,142,18,139,139,35,63,41,24,91,24,129,402,,,British Virgin Islands,2026-06-11T02:15:06+00:00
214,214,EU,737,211,757,213,753,215,711,-1,0,-1,0,0,0,-1,-20,0,-20,0,-20,11,3,8,0,5,2,4,33,30,,,Sint Eustatius,2026-06-11T02:15:06+00:00
215,215,LA,734,144,1017,186,895,227,646,4,26,4,26,3,18,10,66,5,41,-7,-61,235,49,69,117,43,157,35,235,739,,,Laos,2026-06-11T02:15:06+00:00
215,215,TL,734,215,742,226,630,236,531,9,54,9,54,8,45,16,123,13,92,3,20,92,5,47,40,13,72,7,86,285,,,East Timor,2026-06-11T02:15:06+00:00
217,217,WS,728,183,744,211,659,226,601,-2,0,-2,0,-1,0,-2,-16,6,51,4,38,77,28,15,34,23,50,4,109,279,,,Samoa,2026-06-11T02:15:06+00:00
218,218,MN,726,147,897,190,842,227,650,-4,-4,-4,-4,-3,-4,-8,-57,-6,-43,7,51,102,22,39,41,21,70,11,100,288,,,Mongolia,2026-06-11T02:15:06+00:00
219,219,BL,725,215,730,217,706,221,694,-3,0,-3,0,-2,0,-3,0,-2,12,1,31,10,7,3,0,4,5,1,25,29,,,Saint Barthelemy,2026-06-11T02:15:06+00:00
220,220,GU,706,179,895,207,694,232,531,-2,-8,-2,-8,-1,-8,2,24,-4,-28,-15,-166,132,25,44,63,31,88,13,169,592,,,Guam,2026-06-11T02:15:06+00:00
221,221,WF,699,169,734,201,699,221,674,-1,0,-1,0,-1,0,-3,0,-3,0,-2,0,24,0,5,19,5,19,0,23,109,,,Wallis and Futuna,2026-06-11T02:15:06+00:00
222,222,VA,692,212,705,218,697,223,686,0,0,0,0,-1,0,-3,0,-1,0,0,6,5,0,0,5,0,3,2,1,6,,,Vatican,2026-06-11T02:15:06+00:00
223,223,AB,691,216,701,223,675,227,671,0,0,0,0,-1,0,1,20,2,20,3,20,8,5,3,0,2,4,2,25,26,,,Saba,2026-06-11T02:15:06+00:00
224,224,BS,685,157,940,190,872,224,685,-7,-34,-7,-34,-14,-97,-15,-128,-19,-185,-23,-215,90,30,32,28,17,62,11,90,291,,,Bahamas,2026-06-11T02:15:06+00:00
225,225,PM,677,218,698,223,678,226,677,0,0,0,0,-1,0,-2,0,-2,0,-1,0,7,0,0,7,0,7,0,2,78,,,Saint Pierre and Miquelon,2026-06-11T02:15:06+00:00
226,226,TC,657,205,830,211,765,230,631,0,0,0,0,0,9,-6,-29,-15,-114,-15,-104,56,16,22,18,13,37,6,54,197,,,Turks and Caicos Islands,2026-06-11T02:15:06+00:00
227,227,AI,646,196,672,224,556,237,497,1,1,1,1,4,30,6,46,9,91,10,94,117,31,50,36,16,87,14,74,413,,,Anguilla,2026-06-11T02:15:06+00:00
228,228,TE,629,177,691,208,665,231,629,1,0,1,0,-1,0,1,0,1,0,0,-1,10,0,3,7,0,9,1,8,38,,,Tibet,2026-06-11T02:15:06+00:00
229,229,VI,628,210,748,219,685,233,587,2,10,2,10,4,41,1,10,-2,-31,-12,-94,81,27,35,19,10,58,13,55,300,,,US Virgin Islands,2026-06-11T02:15:06+00:00
230,230,BT,623,185,694,219,600,238,527,2,8,2,8,-1,1,1,12,4,55,6,67,117,20,40,57,12,97,8,68,423,,,Bhutan,2026-06-11T02:15:06+00:00
231,231,CK,622,175,738,206,681,232,622,-1,0,-1,0,-2,0,-10,-62,-9,-64,-9,-64,56,4,14,38,13,39,4,50,276,,,Cook Islands,2026-06-11T02:15:06+00:00
232,232,MO,589,103,1098,175,945,233,589,1,-7,1,-7,0,-7,-6,-78,-14,-110,-3,-35,161,51,50,60,24,120,17,141,490,,,Macao,2026-06-11T02:15:06+00:00
233,233,CX,578,219,614,228,577,235,513,1,0,1,0,1,0,1,0,0,0,0,0,10,6,4,0,7,2,1,29,8,,,Christmas Island,2026-06-11T02:15:06+00:00
234,234,BN,572,168,952,201,778,234,572,-7,-83,-7,-83,-9,-98,-6,-62,-4,-52,-4,-35,153,30,42,81,27,113,13,120,491,,,Brunei,2026-06-11T02:15:06+00:00
235,235,FK,571,223,593,229,585,235,571,0,0,0,0,0,0,0,0,-3,-9,-3,-9,4,0,1,3,0,4,0,0,25,,,Falkland Islands,2026-06-11T02:15:06+00:00
236,236,FM,564,219,618,231,572,237,564,0,0,0,0,0,0,0,0,-1,0,-2,0,8,1,3,4,1,7,0,8,64,,,FS Micronesia,2026-06-11T02:15:06+00:00
237,237,MH,559,235,571,237,559,237,559,0,0,0,0,-,-,-,-,-,-,-,-,2,0,0,2,0,2,0,2,7,,,Marshall Islands,2026-06-11T02:15:06+00:00
238,238,KI,544,188,599,219,578,238,544,0,0,0,0,-1,0,-1,0,-1,0,0,0,11,0,2,9,0,10,1,7,126,,,Kiribati,2026-06-11T02:15:06+00:00
239,239,TO,520,181,727,213,651,239,480,0,0,0,0,-1,0,0,40,-1,-7,-4,-42,70,10,15,45,16,48,6,82,265,,,Tonga,2026-06-11T02:15:06+00:00
240,240,NU,496,194,500,225,496,240,496,0,0,0,0,-1,0,-2,0,-1,0,-1,0,2,0,0,2,0,2,0,0,33,,,Niue,2026-06-11T02:15:06+00:00
241,241,MP,432,214,682,233,512,243,396,0,0,0,0,-1,0,-1,-20,1,22,-1,-31,36,7,11,18,5,28,3,43,153,,,Northern Mariana Islands,2026-06-11T02:15:06+00:00
242,242,CC,422,222,487,235,423,242,386,0,0,0,0,-1,0,-1,0,-1,0,0,0,10,4,6,0,2,7,1,8,29,,,Cocos Islands,2026-06-11T02:15:06+00:00
243,243,PW,402,225,442,237,402,243,402,0,0,0,0,-1,0,-1,0,0,0,0,0,2,2,0,0,0,2,0,3,27,,,Palau,2026-06-11T02:15:06+00:00
244,244,AS,369,190,628,226,467,244,334,0,-19,0,-19,-1,-19,-1,-7,-4,-102,-3,-93,59,0,15,44,5,52,2,36,385,,,Eastern Samoa,2026-06-11T02:15:06+00:00
